advise-advise-advise.com
advise-engineer-post.com
advising-schmadvising.org
aeon-transportation-atomic.com
antelium-life-sciences.edu
artisan-woods.edu
atomic-broadcasting.org
ball-industries.edu
ball-and-co.com
ball-of-africa.com
ball-pitt-and-gobble-associates.edu
barker-and-co.com
barker-of-dubai.org
barker-torrance-and-chan-associates.edu
barlow-industries.edu
blast-unlimited.com
blunder-and-co.com
blunder-of-ireland.com
blunder-macdonald-and-sparkle-associates.edu
bogtrotter-unlimited.com
boyer-scientific.com
brewer-holding-century-training.org
broadcast-electric.com
buck-motors.edu
build-build-build.com
build-mail-sew.com
builders--homeowners-supply.com
butterscotch-industries.edu
butterscotch-and-co.com
butterscotch-of-scotland.com
butterscotch-parker-and-randall-associates.edu
camicee-coatings.edu
canadian-speciality-group.com
cargo-leasing-instructional.com
carla-greenway-associates.edu
cater-cater-cater.edu
cater-code-post.com
cement-precast-products.edu
chan-industries.edu
chan-unlimited.com
chemical-general-development.com
chevron-asphalt-plant.com
clark-industrial-semiconductors.edu
classic-markets-corp.com
clean-clean-clean.com
clean-edit-engineer.edu
clean-post-sew.com
clifford-unlimited.com
code-apples.edu
code-code-code.com
code-deliver-deliverable.com
coding-schmoding.org
color-graphx.com
comend-inc.com
conill-performance.com
conner-hearing-aid-clinic.com
connor-industries.edu
cota-realisations.edu
cumbre.com
demondu-semiconductors.edu
diadoo-training.org
digital-agricultural-dynamics.edu
divalane-summer.edu
edit-edit-edit.com
editing-schmediting.org
elizabeth-blunder-associates.edu
engineered-open-sports.edu
engineering-schmengineering.org
england-industries.edu
esill-integration.com
european-chemical.com
european-photographic.com
fambu-development.com
fastrax-enterprise.com
ferguson-and-co.com
ferguson-of-kent.com
ferguson-chan-and-fish-associates.edu
financial-supplies.edu
fish-unlimited.com
fletcher-applied-aeon-power.edu
frank-tava.com
fulton-memory-brokerage.com
fund-raising-schmund-raising.org
garible-durable.com
general-plastex.com
genetics-leasing-mechanical.com
genteel-graphics.edu
georgina-ferguson-associates.edu
go-dynamics.edu
gobble-unlimited.com
gobble-and-co.com
gobble-of-ireland.com
gobble-raymond-and-blast-associates.edu
grafika.com
greenway-and-co.com
greenway-of-devon.com
greenway-connor-and-clifford-associates.edu
henderson-publishing.org
hermell-products.edu
hydronix-packaging.org
innovative-cyberbank.com
jeff-barker-associates.edu
kangaroo-support.com
kanti-enterprise.com
khan-industries.edu
kilobank.com
kowalski-unlimited.com
ladoo-finishing-equipment.com
lafayette-printing.org
lang-engineering.org
law-schmaw.com
logistics-globosoft.com
macdonald-industries.edu
malkovich-and-co.com
malkovich-of-canada.com
malkovich-khan-and-blast-associates.edu
mccray-mechanical-manufacturing.org
meadows-and-co.com
meadows-of-australia.com
meadows-butterscotch-and-thornhill-associates.edu
medical-equipment.com
medical-telecommunications.edu
medicine-schmedicine.com
merten-co.com
microdel-service.com
navarro-horizon-gold-products.edu
network-office-contractors.edu
nora-brennan-casting.org
office-tele-dynamics.edu
paint-paint-paint.com
paint-post-tutor.edu
painting-schmainting.org
paradeo-financial.com
parker-industries.edu
peix--marchetti-architects.edu
phillip-ball-associates.edu
phillip-gobble-associates.edu
pitt-industries.edu
porter-chemical.com
posting-schmosting.org
promark.com
prosaria-equipment-networks.edu
prosaria-print-shop.com
protocero-networks.edu
quiyo-products.edu
randall-unlimited.com
randall-and-co.com
randall-of-ireland.com
randall-ball-and-bogtrotter-associates.edu
raymond-industries.edu
redeo-continential.com
richard-torrance-associates.edu
roger-malkovich-associates.edu
roodel-color-graphics.edu
roy-meadows-associates.edu
sawyer-technics.edu
semimm.com
sewing-schmewing.org
shane-randall-associates.edu
sharp-network-sciences.edu
sharpe-genetics.edu
simon-butterscotch-associates.edu
skagen-unlimited.com
skanti-international.com
sparkle-unlimited.com
speciality-investments.edu
stanley-thornton-associates.edu
strong-wholesale-manufacturing.org
superhalk-unlimited.com
superhalk-and-co.com
superhalk-of-new-york.com
superhalk-barlow-and-blast-associates.edu
surous-plastics.edu
tanner-progressive-healthcare.com
terrell-royal-vistas.edu
texas-petrochemical.com
thornhill-unlimited.com
thornton-and-co.com
thornton-of-turku.com
thornton-parker-and-kowalski-associates.edu
time-index.com
torrance-industries.edu
torrance-and-co.com
torrance-of-london.com
torrance-england-and-superhalk-associates.edu
twiveo-printing--mailing.org
vicejo.com
villarreal-industrial.com
wade-frontiers.edu
wilcox-group.com
zach-superhalk-associates.edu
